<RepLookupResponse>
    <RepLookupResult>
              <Rs>                    
            <M>rci.rogers.com</M>
            <C>PHSH:005:1:1</C>
            <R>0:1</R>
            <L>10080</L>
            <S>0</S>
        </Rs>      <Rs>                    
            <M>rci.rogers.com</M>
            <C>PHSH:005:1:1</C>
            <R>0:1</R>
            <L>10080</L>
            <S>0</S>
        </Rs>      <Rs>                    
            <M>rci.rogers.com</M>
            <C>PHSH:005:1:1</C>
            <R>0:1</R>
            <L>10080</L>
            <S>0</S>
        </Rs>
    </RepLookupResult>
    <Y>100</Y>
    <T>C6D7A2BB-4721-3E78-6099-A27FE09794FC</T>
    <E>0</E>
</RepLookupResponse>