<RepLookupResponse>
    <RepLookupResult>
              <Rs>                    
            <M>rci.rogers.com</M>
            <C>PHSH:005:1:1</C>
            <R>0:1</R>
            <L>10080</L>
            <S>0</S>
        </Rs>      <Rs>                    
            <M>rci.rogers.com</M>
            <C>PHSH:005:1:1</C>
            <R>0:1</R>
            <L>10080</L>
            <S>0</S>
        </Rs>      <Rs>                    
            <M>rci.rogers.com</M>
            <C>PHSH:005:1:1</C>
            <R>0:1</R>
            <L>10080</L>
            <S>0</S>
        </Rs>
    </RepLookupResult>
    <Y>100</Y>
    <T>EAFE3767-CEC7-7E8C-046A-7EF825A3CC85</T>
    <E>0</E>
</RepLookupResponse>